{
  "$schema": "https://openapi.vercel.sh/vercel.json",
  "buildCommand": "npm run build",
  "devCommand": "npm run dev",
  "installCommand": "npm install",
  "framework": "nextjs",
  "regions": ["cle1"],
  "headers": [
    {
      "source": "/api/(.*)",
      "headers": [
        { "key": "Access-Control-Allow-Credentials", "value": "true" },
        { "key": "Access-Control-Allow-Origin", "value": "*" },
        { "key": "Access-Control-Allow-Methods", "value": "GET,POST,PUT,DELETE,OPTIONS" },
        { "key": "Access-Control-Allow-Headers", "value": "X-CSRF-Token, X-Requested-With, Accept, Accept-Version, Content-Length, Content-MD5, Content-Type, Date, X-Api-Version" }
      ]
    }
  ]
}
